date,BleepingComputer,ExploitDB,HackerNews,Mastodon,Reddit
2021-11,0,0,0,0,1
2021-12,0,0,0,0,6
2022-01,0,0,0,0,2
2022-11,0,0,0,0,2
2023-01,0,0,0,0,6
2023-02,0,0,0,0,6
2023-03,0,0,0,0,5
2023-04,0,0,0,0,5
2023-05,0,41,0,0,13
2023-06,0,23,0,0,0
2023-07,0,30,0,0,3
2023-08,0,25,0,0,0
2023-09,0,11,0,0,0
2023-10,0,8,0,0,0
2023-11,0,0,0,0,1
2024-02,0,10,0,0,0
2024-03,0,42,0,0,2
2024-04,0,36,0,0,3
2024-05,0,8,0,0,0
2024-06,0,4,0,0,2
2024-07,0,0,0,0,1
2024-08,0,2,0,0,1
2024-09,0,0,0,21,1
2024-10,0,2,0,32,1
2024-11,0,0,0,320,5
2024-12,0,0,0,450,5
2025-01,168,0,0,741,3
2025-02,154,0,0,469,1
2025-03,178,30,0,510,51
2025-04,130,284,462,560,443
2025-05,125,32,354,33,750
2025-06,0,0,0,0,14
