2021-10-01	MISSING
2021-10-11	MISSING
2021-10-21	MISSING
2021-10-31	MISSING
2021-11-10	MISSING
2021-11-20	MISSING
2021-11-30	MISSING
2021-12-10	MISSING
2021-12-20	MISSING
2021-12-30	MISSING
2022-01-09	MISSING
2022-01-19	MISSING
2022-01-29	MISSING
2022-02-08	v2022.01.01
2022-02-18	v2022.01.01
2022-02-28	v2022.01.01
2022-03-10	v2022.01.01
2022-03-20	v2022.01.01
2022-03-30	v2022.01.01
2022-04-09	v2022.01.01
2022-04-19	v2022.01.01
2022-04-29	v2022.01.01
2022-05-09	v2022.01.01
2022-05-19	v2022.01.01
2022-05-29	v2022.01.01
2022-06-08	v2022.01.01
2022-06-18	v2022.01.01
2022-06-28	v2022.01.01
2022-07-08	v2022.01.01
2022-07-18	v2022.01.01
2022-07-28	v2022.01.01
2022-08-07	v2022.01.01
2022-08-17	v2022.01.01
2022-08-27	v2022.01.01
2022-09-06	v2022.01.01
2022-09-16	v2022.01.01
2022-09-26	v2022.01.01
2022-10-06	v2022.01.01
2022-10-16	v2022.01.01
2022-10-26	v2022.01.01
2022-11-05	v2022.01.01
2022-11-15	v2022.01.01
2022-11-25	v2022.01.01
2022-12-05	v2022.01.01
2022-12-15	v2022.01.01
2022-12-25	v2022.01.01
2023-01-04	v2022.01.01
2023-01-14	v2022.01.01
2023-01-24	v2022.01.01
2023-02-03	v2022.01.01
2023-02-13	v2022.01.01
2023-02-23	v2022.01.01
2023-03-05	v2022.01.01
2023-03-15	v2023.03.01
2023-03-25	v2023.03.01
2023-04-04	v2023.03.01
2023-04-14	v2023.03.01
2023-04-24	v2023.03.01
2023-05-04	v2023.03.01
2023-05-14	v2023.03.01
2023-05-24	v2023.03.01
2023-06-03	v2023.03.01
2023-06-13	v2023.03.01
2023-06-23	v2023.03.01
2023-07-03	v2023.03.01
2023-07-13	v2023.03.01
2023-07-23	v2023.03.01
2023-08-02	v2023.03.01
2023-08-12	v2023.03.01
2023-08-22	v2023.03.01
2023-09-01	v2023.03.01
2023-09-11	v2023.03.01
2023-09-21	v2023.03.01
2023-10-01	v2023.03.01
2023-10-11	v2023.03.01
2023-10-21	v2023.03.01
2023-10-31	v2023.03.01
2023-11-10	v2023.03.01
2023-11-20	v2023.03.01
2023-11-30	v2023.03.01
2023-12-10	v2023.03.01
2023-12-20	v2023.03.01
2023-12-30	v2023.03.01
2024-01-09	v2023.03.01
2024-01-19	v2023.03.01
2024-01-29	v2023.03.01
2024-02-08	v2023.03.01
2024-02-18	v2023.03.01
2024-02-28	v2023.03.01
2024-03-09	v2023.03.01
2024-03-19	v2023.03.01
2024-03-29	v2023.03.01
2024-04-08	v2023.03.01
2024-04-18	v2023.03.01
2024-04-28	v2023.03.01
2024-05-08	v2023.03.01
2024-05-18	v2023.03.01
2024-05-28	v2023.03.01
2024-06-07	v2023.03.01
2024-06-17	v2023.03.01
2024-06-27	v2023.03.01
2024-07-07	v2023.03.01
2024-07-17	v2023.03.01
2024-07-27	v2023.03.01
2024-08-06	v2023.03.01
2024-08-16	v2023.03.01
2024-08-26	v2023.03.01
2024-09-05	v2023.03.01
2024-09-15	v2023.03.01
2024-09-25	v2023.03.01
2024-10-05	v2023.03.01
2024-10-15	v2023.03.01
2024-10-25	v2023.03.01
2024-11-04	v2023.03.01
2024-11-14	v2023.03.01
2024-11-24	v2023.03.01
2024-12-04	v2023.03.01
2024-12-14	v2023.03.01
2024-12-24	v2023.03.01
2025-01-03	v2023.03.01
2025-01-13	v2023.03.01
2025-01-23	v2023.03.01
2025-02-02	v2023.03.01
2025-02-12	v2023.03.01
2025-02-22	v2023.03.01
2025-03-04	v2023.03.01
2025-03-14	v2023.03.01
2025-03-24	v2025.03.14
2025-04-03	v2025.03.14
2025-04-13	v2025.03.14
2025-04-23	v2025.03.14
2025-05-03	v2025.03.14
2025-05-13	v2025.03.14
2025-05-23	v2025.03.14
2025-06-02	v2025.03.14
2025-06-12	v2025.03.14
2025-06-22	v2025.03.14
2025-07-02	v2025.03.14
2025-07-12	v2025.03.14
