stage,date_value,requested,fetched,cached_before,no_data
treated_events,2021-11-23,1,0,11,0
treated_events,2021-11-24,1,0,11,0
treated_events,2021-11-26,1,0,11,0
treated_events,2021-11-30,1,0,4,0
treated_events,2021-12-14,1,0,6,1
treated_events,2021-12-15,1,0,7,0
treated_events,2021-12-17,1,0,7,0
treated_events,2021-12-18,1,0,11,1
treated_events,2021-12-19,1,0,12,1
treated_events,2021-12-20,1,0,5,0
treated_events,2021-12-21,3,0,20,0
treated_events,2021-12-23,2,0,9,0
treated_events,2021-12-25,1,0,4,0
treated_events,2021-12-27,1,0,4,0
treated_events,2022-01-10,2,0,20,2
treated_events,2022-01-11,2,0,20,2
treated_events,2022-01-13,3,0,24,2
treated_events,2022-01-17,3,0,6,0
treated_events,2022-01-19,1,0,4,0
treated_events,2022-02-09,2,0,2,0
treated_events,2022-11-01,2,0,6,2
treated_events,2022-11-02,2,0,8,0
treated_events,2022-11-04,2,0,8,0
treated_events,2022-11-08,2,0,5,0
treated_events,2022-12-01,2,0,5,0
treated_events,2023-01-16,6,0,36,0
treated_events,2023-01-17,6,0,36,0
treated_events,2023-01-19,6,0,36,0
treated_events,2023-01-23,6,0,19,0
treated_events,2023-02-15,6,0,19,0
treated_events,2023-03-03,1,0,13,0
treated_events,2023-03-04,1,0,13,0
treated_events,2023-03-06,1,0,13,0
treated_events,2023-03-10,1,0,4,0
treated_events,2023-03-15,1,0,1,0
treated_events,2023-03-16,1,0,1,0
treated_events,2023-03-18,1,0,1,0
treated_events,2023-03-22,1,0,1,0
treated_events,2023-04-02,1,0,4,0
treated_events,2023-04-14,1,0,1,0
treated_events,2023-05-02,4,0,7,4
treated_events,2023-05-03,4,0,12,4
treated_events,2023-05-05,13,0,51,6
treated_events,2023-05-06,9,0,45,3
treated_events,2023-05-08,9,0,44,3
treated_events,2023-05-09,4,0,10,3
treated_events,2023-05-10,5,0,27,0
treated_events,2023-05-11,5,0,27,0
treated_events,2023-05-12,9,0,18,2
treated_events,2023-05-13,6,0,38,0
treated_events,2023-05-14,3,0,18,0
treated_events,2023-05-15,2,0,6,0
treated_events,2023-05-16,1,0,0,1
treated_events,2023-05-17,8,0,25,1
treated_events,2023-05-18,1,0,3,0
treated_events,2023-05-20,2,0,7,0
treated_events,2023-05-21,2,0,6,0
treated_events,2023-05-23,15,0,39,4
treated_events,2023-05-24,17,0,50,5
treated_events,2023-05-25,4,0,16,1
treated_events,2023-05-26,19,0,51,3
treated_events,2023-05-27,2,0,6,1
treated_events,2023-05-28,3,0,17,0
treated_events,2023-05-29,1,0,2,0
treated_events,2023-05-30,15,0,40,0
treated_events,2023-05-31,8,0,23,4
treated_events,2023-06-01,14,0,11,12
treated_events,2023-06-02,1,0,3,0
treated_events,2023-06-03,7,0,24,3
treated_events,2023-06-04,12,0,20,3
treated_events,2023-06-05,3,0,4,3
treated_events,2023-06-06,1,0,19,0
treated_events,2023-06-07,11,0,18,6
treated_events,2023-06-09,8,0,31,0
treated_events,2023-06-10,2,0,11,0
treated_events,2023-06-11,3,0,1,3
treated_events,2023-06-12,3,0,22,0
treated_events,2023-06-13,5,0,13,0
treated_events,2023-06-14,3,0,14,0
treated_events,2023-06-15,1,0,5,0
treated_events,2023-06-16,5,0,14,0
treated_events,2023-06-17,1,0,2,0
treated_events,2023-06-19,3,0,29,1
treated_events,2023-06-20,9,0,13,8
treated_events,2023-06-21,5,0,0,5
treated_events,2023-06-22,19,0,18,18
treated_events,2023-06-23,8,0,39,1
treated_events,2023-06-24,5,0,23,1
treated_events,2023-06-25,2,0,18,0
treated_events,2023-06-26,9,0,34,2
treated_events,2023-06-27,8,0,1,8
treated_events,2023-06-29,5,0,16,0
treated_events,2023-06-30,9,0,24,0
treated_events,2023-07-03,11,0,36,0
treated_events,2023-07-04,10,0,33,0
treated_events,2023-07-06,10,0,38,0
treated_events,2023-07-07,4,0,21,0
treated_events,2023-07-08,2,0,14,0
treated_events,2023-07-09,4,0,13,0
treated_events,2023-07-10,9,0,31,0
treated_events,2023-07-11,2,0,12,1
treated_events,2023-07-12,3,0,18,0
treated_events,2023-07-13,5,0,17,0
treated_events,2023-07-14,5,0,23,0
treated_events,2023-07-15,4,0,26,0
treated_events,2023-07-16,3,0,22,0
treated_events,2023-07-18,5,0,33,0
treated_events,2023-07-19,7,0,32,0
treated_events,2023-07-20,11,0,37,2
treated_events,2023-07-21,4,0,20,2
treated_events,2023-07-22,7,0,31,0
treated_events,2023-07-23,6,0,18,2
treated_events,2023-07-26,7,0,21,0
treated_events,2023-07-27,4,0,12,2
treated_events,2023-07-28,6,0,25,1
treated_events,2023-07-29,6,0,25,1
treated_events,2023-07-31,9,0,24,2
treated_events,2023-08-01,3,0,9,1
treated_events,2023-08-02,7,0,18,4
treated_events,2023-08-03,3,0,6,3
treated_events,2023-08-04,19,0,11,17
treated_events,2023-08-05,15,0,28,2
treated_events,2023-08-06,2,0,7,0
treated_events,2023-08-07,16,0,0,16
treated_events,2023-08-08,5,0,0,5
treated_events,2023-08-09,5,0,16,0
treated_events,2023-08-10,4,0,20,2
treated_events,2023-08-11,21,0,53,1
treated_events,2023-08-13,2,0,15,0
treated_events,2023-08-14,3,0,14,0
treated_events,2023-08-15,5,0,1,5
treated_events,2023-08-17,2,0,6,0
treated_events,2023-08-18,3,0,23,0
treated_events,2023-08-19,4,0,8,0
treated_events,2023-08-21,5,0,16,5
treated_events,2023-08-22,5,0,16,5
treated_events,2023-08-24,5,0,14,5
treated_events,2023-08-27,6,0,15,0
treated_events,2023-08-28,5,0,7,5
treated_events,2023-08-30,3,0,3,0
treated_events,2023-09-03,13,0,26,0
treated_events,2023-09-04,7,0,44,0
treated_events,2023-09-05,7,0,44,0
treated_events,2023-09-07,12,0,56,0
treated_events,2023-09-08,4,0,25,0
treated_events,2023-09-09,6,0,36,0
treated_events,2023-09-11,11,0,42,0
treated_events,2023-09-15,4,0,3,4
treated_events,2023-09-20,5,0,5,0
treated_events,2023-10-04,7,0,17,4
treated_events,2023-10-08,4,0,1,4
treated_events,2023-10-09,8,0,52,0
treated_events,2023-10-10,8,0,52,0
treated_events,2023-10-12,8,0,53,0
treated_events,2023-10-16,8,0,27,0
treated_events,2023-11-08,8,0,27,0
treated_events,2023-11-27,1,0,7,0
treated_events,2023-11-28,1,0,7,0
treated_events,2023-11-30,1,0,7,0
treated_events,2023-12-04,1,0,4,0
treated_events,2023-12-27,1,0,4,0
treated_events,2024-02-19,1,0,13,0
treated_events,2024-02-20,1,0,9,0
treated_events,2024-02-22,1,0,9,0
treated_events,2024-02-26,5,0,5,3
treated_events,2024-02-27,4,0,2,3
treated_events,2024-02-29,4,0,10,3
treated_events,2024-03-03,4,0,16,0
treated_events,2024-03-04,8,0,8,3
treated_events,2024-03-06,4,0,9,0
treated_events,2024-03-10,9,0,18,1
treated_events,2024-03-11,5,0,16,1
treated_events,2024-03-13,5,0,26,1
treated_events,2024-03-14,8,0,29,0
treated_events,2024-03-15,8,0,29,0
treated_events,2024-03-17,13,0,44,1
treated_events,2024-03-18,1,0,8,0
treated_events,2024-03-19,1,0,19,0
treated_events,2024-03-20,5,0,29,0
treated_events,2024-03-21,13,0,50,0
treated_events,2024-03-23,4,0,25,0
treated_events,2024-03-25,1,0,4,0
treated_events,2024-03-27,8,0,15,0
treated_events,2024-03-29,1,0,2,1
treated_events,2024-03-30,1,0,1,0
treated_events,2024-04-01,1,0,14,0
treated_events,2024-04-02,13,0,40,1
treated_events,2024-04-03,9,0,40,0
treated_events,2024-04-05,10,0,39,0
treated_events,2024-04-09,14,0,26,0
treated_events,2024-04-12,4,0,10,1
treated_events,2024-04-13,12,0,23,1
treated_events,2024-04-15,8,0,27,1
treated_events,2024-04-16,4,0,27,0
treated_events,2024-04-17,1,0,4,0
treated_events,2024-04-18,4,0,18,0
treated_events,2024-04-19,8,0,18,1
treated_events,2024-04-21,1,0,0,1
treated_events,2024-04-22,5,0,10,1
treated_events,2024-04-24,1,0,0,1
treated_events,2024-04-28,2,0,1,1
treated_events,2024-05-02,9,0,19,0
treated_events,2024-05-12,4,0,11,0
treated_events,2024-05-13,1,0,11,0
treated_events,2024-05-14,1,0,11,0
treated_events,2024-05-15,4,0,10,0
treated_events,2024-05-16,1,0,11,0
treated_events,2024-05-19,3,0,13,0
treated_events,2024-05-20,4,0,17,0
treated_events,2024-05-21,1,0,1,0
treated_events,2024-05-22,3,0,13,0
treated_events,2024-05-26,3,0,9,0
treated_events,2024-06-03,1,0,10,1
treated_events,2024-06-04,1,0,10,1
treated_events,2024-06-06,1,0,10,1
treated_events,2024-06-10,1,0,0,1
treated_events,2024-06-12,1,0,5,0
treated_events,2024-06-18,3,0,10,0
treated_events,2024-06-24,1,0,7,0
treated_events,2024-06-25,2,0,11,0
treated_events,2024-06-26,2,0,7,0
treated_events,2024-06-27,2,0,9,0
treated_events,2024-06-28,1,0,4,0
treated_events,2024-06-29,1,0,3,0
treated_events,2024-07-01,2,0,4,1
treated_events,2024-07-02,2,0,5,0
treated_events,2024-07-03,2,0,4,0
treated_events,2024-07-04,1,0,1,0
treated_events,2024-07-08,1,0,2,0
treated_events,2024-07-24,1,0,4,0
treated_events,2024-07-25,1,0,4,0
treated_events,2024-07-26,1,0,3,0
treated_events,2024-07-31,1,0,1,0
treated_events,2024-08-04,1,0,2,0
treated_events,2024-08-05,1,0,3,0
treated_events,2024-08-07,1,0,2,0
treated_events,2024-08-11,1,0,3,0
treated_events,2024-08-14,1,0,5,0
treated_events,2024-08-15,1,0,5,0
treated_events,2024-08-17,1,0,5,0
treated_events,2024-08-21,1,0,5,0
treated_events,2024-09-03,1,0,8,0
treated_events,2024-09-04,2,0,5,0
treated_events,2024-09-05,2,0,5,0
treated_events,2024-09-07,4,0,13,1
treated_events,2024-09-08,2,0,10,1
treated_events,2024-09-09,2,0,19,0
treated_events,2024-09-10,6,0,41,1
treated_events,2024-09-11,5,0,21,0
treated_events,2024-09-12,3,0,17,0
treated_events,2024-09-13,3,0,20,0
treated_events,2024-09-14,3,0,5,0
treated_events,2024-09-16,5,0,16,0
treated_events,2024-09-17,8,0,17,0
treated_events,2024-09-18,4,0,6,0
treated_events,2024-09-19,3,0,4,0
treated_events,2024-09-20,4,0,8,1
treated_events,2024-09-21,1,0,7,0
treated_events,2024-09-23,4,0,12,0
treated_events,2024-09-24,4,0,6,0
treated_events,2024-09-25,1,0,3,0
treated_events,2024-09-26,3,0,7,3
treated_events,2024-09-27,6,0,23,0
treated_events,2024-09-28,1,0,7,0
treated_events,2024-09-29,3,0,12,0
treated_events,2024-09-30,1,0,11,0
treated_events,2024-10-01,2,0,9,1
treated_events,2024-10-02,1,0,6,1
treated_events,2024-10-03,3,0,11,0
treated_events,2024-10-04,4,0,16,0
treated_events,2024-10-06,1,0,3,0
treated_events,2024-10-07,3,0,5,0
treated_events,2024-10-08,1,0,8,0
treated_events,2024-10-09,5,0,18,0
treated_events,2024-10-10,6,0,25,0
treated_events,2024-10-11,6,0,9,1
treated_events,2024-10-12,5,0,15,0
treated_events,2024-10-13,5,0,7,0
treated_events,2024-10-14,5,0,8,0
treated_events,2024-10-15,1,0,6,0
treated_events,2024-10-16,9,0,24,0
treated_events,2024-10-17,10,0,18,0
treated_events,2024-10-18,8,0,20,0
treated_events,2024-10-19,1,0,6,0
treated_events,2024-10-20,9,0,26,0
treated_events,2024-10-21,2,0,8,0
treated_events,2024-10-22,1,0,4,0
treated_events,2024-10-23,3,0,16,0
treated_events,2024-10-24,6,0,15,0
treated_events,2024-10-25,1,0,6,0
treated_events,2024-10-26,3,0,7,0
treated_events,2024-10-27,4,0,14,0
treated_events,2024-10-30,7,0,18,1
treated_events,2024-10-31,9,0,30,0
treated_events,2024-11-01,1,0,4,0
treated_events,2024-11-02,9,0,23,0
treated_events,2024-11-03,1,0,6,0
treated_events,2024-11-04,2,0,6,0
treated_events,2024-11-05,4,0,6,1
treated_events,2024-11-06,8,0,17,1
treated_events,2024-11-07,2,0,5,0
treated_events,2024-11-08,5,0,11,1
treated_events,2024-11-09,7,0,9,4
treated_events,2024-11-10,11,0,16,2
treated_events,2024-11-11,24,0,8,18
treated_events,2024-11-12,81,0,42,50
treated_events,2024-11-13,86,0,97,14
treated_events,2024-11-14,93,0,74,34
treated_events,2024-11-15,123,0,169,21
treated_events,2024-11-16,86,0,140,18
treated_events,2024-11-17,70,0,77,1
treated_events,2024-11-18,79,0,128,30
treated_events,2024-11-19,126,0,160,9
treated_events,2024-11-20,75,0,90,23
treated_events,2024-11-21,101,0,146,0
treated_events,2024-11-22,42,0,68,0
treated_events,2024-11-23,52,0,82,0
treated_events,2024-11-24,2,0,6,0
treated_events,2024-11-25,32,0,62,0
treated_events,2024-11-26,17,0,78,0
treated_events,2024-11-27,32,0,71,1
treated_events,2024-11-28,5,0,51,0
treated_events,2024-11-29,7,0,51,0
treated_events,2024-11-30,29,0,59,0
treated_events,2024-12-01,29,0,0,29
treated_events,2024-12-02,27,0,59,15
treated_events,2024-12-03,69,0,107,8
treated_events,2024-12-04,42,0,107,5
treated_events,2024-12-05,60,0,88,23
treated_events,2024-12-06,78,0,76,54
treated_events,2024-12-07,70,0,93,1
treated_events,2024-12-08,30,0,71,1
treated_events,2024-12-09,72,0,84,14
treated_events,2024-12-10,65,0,87,14
treated_events,2024-12-11,73,0,126,4
treated_events,2024-12-12,162,0,200,14
treated_events,2024-12-13,166,0,197,27
treated_events,2024-12-14,87,0,165,1
treated_events,2024-12-15,85,0,137,1
treated_events,2024-12-16,106,0,130,39
treated_events,2024-12-17,83,0,129,8
treated_events,2024-12-18,98,0,107,27
treated_events,2024-12-19,160,0,231,15
treated_events,2024-12-20,97,0,232,7
treated_events,2024-12-21,56,0,115,2
treated_events,2024-12-22,20,0,71,0
treated_events,2024-12-23,57,0,128,3
treated_events,2024-12-24,34,0,97,6
treated_events,2024-12-25,53,0,91,2
treated_events,2024-12-26,24,0,102,4
treated_events,2024-12-27,39,0,119,3
treated_events,2024-12-28,16,0,45,0
treated_events,2024-12-29,9,0,23,0
treated_events,2024-12-30,38,0,109,6
treated_events,2024-12-31,55,0,72,25
treated_events,2025-01-01,53,0,109,0
treated_events,2025-01-02,36,0,77,3
treated_events,2025-01-03,57,0,91,7
treated_events,2025-01-04,43,0,75,3
treated_events,2025-01-05,39,0,72,0
treated_events,2025-01-06,34,0,80,9
treated_events,2025-01-07,97,0,191,33
treated_events,2025-01-08,100,0,237,29
treated_events,2025-01-09,123,0,228,33
treated_events,2025-01-10,136,0,229,13
treated_events,2025-01-11,131,0,257,2
treated_events,2025-01-12,66,0,129,0
treated_events,2025-01-13,68,0,156,7
treated_events,2025-01-14,152,0,232,77
treated_events,2025-01-15,196,0,315,28
treated_events,2025-01-16,139,0,304,12
treated_events,2025-01-17,196,0,283,4
treated_events,2025-01-18,63,0,170,3
treated_events,2025-01-19,59,0,113,3
treated_events,2025-01-20,38,0,93,2
treated_events,2025-01-21,126,0,194,28
treated_events,2025-01-22,114,0,238,30
treated_events,2025-01-23,115,0,257,8
treated_events,2025-01-24,94,0,206,27
treated_events,2025-01-25,79,0,154,2
treated_events,2025-01-26,34,0,132,3
treated_events,2025-01-27,55,0,112,14
treated_events,2025-01-28,98,0,276,16
treated_events,2025-01-29,117,0,268,10
treated_events,2025-01-30,108,0,228,17
treated_events,2025-01-31,103,0,184,1
treated_events,2025-02-01,51,0,133,3
treated_events,2025-02-02,35,0,56,0
treated_events,2025-02-03,56,0,97,10
treated_events,2025-02-04,92,0,170,15
treated_events,2025-02-05,88,0,184,13
treated_events,2025-02-06,133,0,270,12
treated_events,2025-02-07,120,0,242,11
treated_events,2025-02-08,84,0,151,1
treated_events,2025-02-09,57,0,132,0
treated_events,2025-02-10,64,0,124,14
treated_events,2025-02-11,108,0,182,56
treated_events,2025-02-12,146,0,259,36
treated_events,2025-02-13,193,0,295,16
treated_events,2025-02-14,153,0,274,12
treated_events,2025-02-15,106,0,180,3
treated_events,2025-02-16,37,0,63,1
treated_events,2025-02-17,47,0,126,0
treated_events,2025-02-18,96,0,170,17
treated_events,2025-02-19,97,0,200,9
treated_events,2025-02-20,106,0,252,6
treated_events,2025-02-21,123,0,247,7
treated_events,2025-02-22,75,0,173,3
treated_events,2025-02-23,55,0,134,0
treated_events,2025-02-24,51,0,103,17
treated_events,2025-02-25,70,0,162,36
treated_events,2025-02-26,66,0,142,25
treated_events,2025-02-27,99,0,200,6
treated_events,2025-02-28,102,0,193,7
treated_events,2025-03-01,74,0,121,8
treated_events,2025-03-02,32,0,55,2
treated_events,2025-03-03,80,0,160,19
treated_events,2025-03-04,87,0,220,18
treated_events,2025-03-05,104,0,196,30
treated_events,2025-03-06,98,0,198,2
treated_events,2025-03-07,112,0,242,11
treated_events,2025-03-08,96,0,171,6
treated_events,2025-03-09,35,0,81,0
treated_events,2025-03-10,57,0,140,13
treated_events,2025-03-11,106,0,213,34
treated_events,2025-03-12,123,0,270,10
treated_events,2025-03-13,107,0,211,3
treated_events,2025-03-14,133,0,250,14
treated_events,2025-03-15,75,0,151,10
treated_events,2025-03-16,36,0,78,1
treated_events,2025-03-17,63,0,175,18
treated_events,2025-03-18,113,0,332,6
treated_events,2025-03-19,67,0,227,5
treated_events,2025-03-20,108,0,237,5
treated_events,2025-03-21,111,0,293,6
treated_events,2025-03-22,75,0,182,4
treated_events,2025-03-23,67,0,165,2
treated_events,2025-03-24,59,0,150,9
treated_events,2025-03-25,79,0,249,6
treated_events,2025-03-26,100,0,216,16
treated_events,2025-03-27,131,0,258,9
treated_events,2025-03-28,103,0,283,5
treated_events,2025-03-29,75,0,173,0
treated_events,2025-03-30,70,0,173,0
treated_events,2025-03-31,74,0,190,9
treated_events,2025-04-01,118,0,199,23
treated_events,2025-04-02,130,0,295,4
treated_events,2025-04-03,128,0,336,8
treated_events,2025-04-04,178,0,351,14
treated_events,2025-04-05,65,0,185,0
treated_events,2025-04-06,53,0,170,1
treated_events,2025-04-07,87,0,233,2
treated_events,2025-04-08,162,0,312,34
treated_events,2025-04-09,139,0,368,13
treated_events,2025-04-10,178,0,496,5
treated_events,2025-04-11,241,0,455,3
treated_events,2025-04-12,154,0,341,0
treated_events,2025-04-13,71,0,232,1
treated_events,2025-04-14,165,0,372,2
treated_events,2025-04-15,134,0,378,15
treated_events,2025-04-16,171,0,404,30
treated_events,2025-04-17,268,0,465,28
treated_events,2025-04-18,264,0,467,2
treated_events,2025-04-19,147,0,263,5
treated_events,2025-04-20,137,0,220,1
treated_events,2025-04-21,83,0,209,7
treated_events,2025-04-22,97,0,238,6
treated_events,2025-04-23,165,0,288,15
treated_events,2025-04-24,218,0,327,13
treated_events,2025-04-25,145,0,327,8
treated_events,2025-04-26,137,0,189,8
treated_events,2025-04-27,81,0,123,2
treated_events,2025-04-28,75,0,146,3
treated_events,2025-04-29,97,0,173,9
treated_events,2025-04-30,129,0,213,27
treated_events,2025-05-01,153,0,294,0
treated_events,2025-05-02,110,0,248,1
treated_events,2025-05-03,89,0,179,1
treated_events,2025-05-04,63,0,106,1
treated_events,2025-05-05,50,0,106,4
treated_events,2025-05-06,62,0,151,0
treated_events,2025-05-07,81,0,142,2
treated_events,2025-05-08,122,0,223,2
treated_events,2025-05-09,123,0,257,4
treated_events,2025-05-10,119,0,222,1
treated_events,2025-05-11,127,0,215,3
treated_events,2025-05-12,81,0,144,9
treated_events,2025-05-13,81,0,128,20
treated_events,2025-05-14,119,0,207,1
treated_events,2025-05-15,86,0,190,7
treated_events,2025-05-16,235,0,343,1
treated_events,2025-05-17,239,0,304,0
treated_events,2025-05-18,110,0,158,0
treated_events,2025-05-19,128,0,161,6
treated_events,2025-05-20,152,0,172,4
treated_events,2025-05-21,77,0,125,1
treated_events,2025-05-22,93,0,144,2
treated_events,2025-05-23,160,0,224,0
treated_events,2025-05-24,138,0,170,0
treated_events,2025-05-25,83,0,113,0
treated_events,2025-05-26,79,0,106,0
treated_events,2025-05-27,68,0,132,0
treated_events,2025-05-28,70,0,103,0
treated_events,2025-05-29,91,0,115,0
treated_events,2025-05-30,97,0,164,0
treated_events,2025-05-31,74,0,135,0
treated_events,2025-06-01,64,0,76,0
treated_events,2025-06-02,37,0,60,0
treated_events,2025-06-03,30,0,53,0
treated_events,2025-06-04,29,0,41,0
treated_events,2025-06-05,28,0,41,0
treated_events,2025-06-06,33,0,55,0
treated_events,2025-06-07,27,0,43,0
treated_events,2025-06-08,50,0,61,0
treated_events,2025-06-09,8,0,16,0
treated_events,2025-06-10,9,0,24,0
treated_events,2025-06-11,15,0,31,0
treated_events,2025-06-12,46,0,66,0
treated_events,2025-06-13,13,0,27,0
treated_events,2025-06-14,13,0,25,0
treated_events,2025-06-15,61,0,67,0
treated_events,2025-06-16,56,0,56,0
treated_events,2025-06-17,12,0,12,0
treated_events,2025-06-18,23,0,23,0
treated_events,2025-06-19,23,0,23,0
treated_events,2025-06-20,12,0,12,0
treated_events,2025-06-21,13,0,13,0
treated_events,2025-06-22,22,0,22,0
treated_events,2025-06-23,16,0,16,0
treated_events,2025-06-24,11,0,11,0
treated_events,2025-06-25,8,0,8,0
treated_events,2025-06-26,15,0,15,0
treated_events,2025-06-27,16,0,16,0
treated_events,2025-06-28,20,0,20,0
treated_events,2025-06-29,14,0,14,0
treated_events,2025-06-30,12,0,12,0
treated_events,2025-07-01,6,0,6,0
candidate_control_baselines,2021-11-23,12,0,11,2
candidate_control_baselines,2021-11-24,12,0,11,2
candidate_control_baselines,2021-11-26,12,0,11,2
candidate_control_baselines,2021-12-14,12,0,6,6
candidate_control_baselines,2021-12-15,12,0,7,6
candidate_control_baselines,2021-12-17,12,0,7,6
candidate_control_baselines,2021-12-18,12,0,11,1
candidate_control_baselines,2021-12-19,12,0,12,1
candidate_control_baselines,2021-12-20,12,0,5,8
candidate_control_baselines,2021-12-21,24,0,20,9
candidate_control_baselines,2021-12-23,12,0,9,8
candidate_control_baselines,2022-01-10,23,0,20,3
candidate_control_baselines,2022-01-11,23,0,20,3
candidate_control_baselines,2022-01-13,23,0,24,3
candidate_control_baselines,2022-11-01,12,0,6,6
candidate_control_baselines,2022-11-02,12,0,8,6
candidate_control_baselines,2022-11-04,12,0,8,6
candidate_control_baselines,2023-01-16,43,0,36,13
candidate_control_baselines,2023-01-17,43,0,36,13
candidate_control_baselines,2023-01-19,43,0,36,13
candidate_control_baselines,2023-03-03,12,0,13,0
candidate_control_baselines,2023-03-04,12,0,13,0
candidate_control_baselines,2023-03-06,12,0,13,0
candidate_control_baselines,2023-03-15,12,0,1,12
candidate_control_baselines,2023-03-16,12,0,1,12
candidate_control_baselines,2023-03-18,12,0,1,12
candidate_control_baselines,2023-05-02,48,0,7,41
candidate_control_baselines,2023-05-03,48,0,12,40
candidate_control_baselines,2023-05-05,106,0,51,62
candidate_control_baselines,2023-05-06,68,0,45,30
candidate_control_baselines,2023-05-08,68,0,44,30
candidate_control_baselines,2023-05-10,48,0,27,27
candidate_control_baselines,2023-05-11,48,0,27,27
candidate_control_baselines,2023-05-13,57,0,38,27
candidate_control_baselines,2023-05-14,36,0,18,21
candidate_control_baselines,2023-05-15,24,0,6,20
candidate_control_baselines,2023-05-16,12,0,0,12
candidate_control_baselines,2023-05-17,25,0,25,21
candidate_control_baselines,2023-05-18,12,0,3,11
candidate_control_baselines,2023-05-20,12,0,7,11
candidate_control_baselines,2023-05-23,104,0,39,78
candidate_control_baselines,2023-05-24,104,0,50,78
candidate_control_baselines,2023-05-25,48,0,16,35
candidate_control_baselines,2023-05-26,116,0,51,82
candidate_control_baselines,2023-05-27,12,0,6,11
candidate_control_baselines,2023-05-28,36,0,17,24
candidate_control_baselines,2023-05-29,12,0,2,11
candidate_control_baselines,2023-05-31,72,0,23,55
candidate_control_baselines,2023-06-01,72,0,11,66
candidate_control_baselines,2023-06-03,72,0,24,54
candidate_control_baselines,2023-06-04,24,0,20,23
candidate_control_baselines,2023-06-05,24,0,4,23
candidate_control_baselines,2023-06-06,12,0,19,10
candidate_control_baselines,2023-06-07,36,0,18,33
candidate_control_baselines,2023-06-09,36,0,31,25
candidate_control_baselines,2023-06-10,24,0,11,15
candidate_control_baselines,2023-06-12,24,0,22,15
candidate_control_baselines,2023-06-13,24,0,13,21
candidate_control_baselines,2023-06-14,36,0,14,32
candidate_control_baselines,2023-06-15,12,0,5,11
candidate_control_baselines,2023-06-16,24,0,14,21
candidate_control_baselines,2023-06-17,12,0,2,11
candidate_control_baselines,2023-06-19,36,0,29,21
candidate_control_baselines,2023-06-20,63,0,13,51
candidate_control_baselines,2023-06-21,27,0,0,27
candidate_control_baselines,2023-06-22,48,0,18,33
candidate_control_baselines,2023-06-23,63,0,39,35
candidate_control_baselines,2023-06-24,24,0,23,11
candidate_control_baselines,2023-06-25,12,0,18,1
candidate_control_baselines,2023-06-26,72,0,34,53
candidate_control_baselines,2023-06-27,48,0,1,48
candidate_control_baselines,2023-06-29,48,0,16,42
candidate_control_baselines,2023-07-03,60,0,36,42
candidate_control_baselines,2023-07-04,60,0,33,42
candidate_control_baselines,2023-07-06,71,0,38,49
candidate_control_baselines,2023-07-07,48,0,21,33
candidate_control_baselines,2023-07-08,24,0,14,15
candidate_control_baselines,2023-07-09,24,0,13,18
candidate_control_baselines,2023-07-10,24,0,31,15
candidate_control_baselines,2023-07-11,24,0,12,14
candidate_control_baselines,2023-07-12,36,0,18,23
candidate_control_baselines,2023-07-13,12,0,17,9
candidate_control_baselines,2023-07-14,24,0,23,14
candidate_control_baselines,2023-07-15,48,0,26,26
candidate_control_baselines,2023-07-16,36,0,22,17
candidate_control_baselines,2023-07-18,36,0,33,17
candidate_control_baselines,2023-07-19,36,0,32,20
candidate_control_baselines,2023-07-20,60,0,37,37
candidate_control_baselines,2023-07-21,48,0,20,37
candidate_control_baselines,2023-07-22,36,0,31,20
candidate_control_baselines,2023-07-23,48,0,18,37
candidate_control_baselines,2023-07-28,67,0,25,50
candidate_control_baselines,2023-07-29,67,0,25,50
candidate_control_baselines,2023-07-31,76,0,24,59
candidate_control_baselines,2023-08-01,21,0,9,14
candidate_control_baselines,2023-08-03,21,0,6,16
candidate_control_baselines,2023-08-04,55,0,11,48
candidate_control_baselines,2023-08-05,55,0,28,43
candidate_control_baselines,2023-08-07,55,0,0,55
candidate_control_baselines,2023-08-08,40,0,0,40
candidate_control_baselines,2023-08-09,40,0,16,31
candidate_control_baselines,2023-08-10,24,0,20,11
candidate_control_baselines,2023-08-11,52,0,53,31
candidate_control_baselines,2023-08-13,24,0,15,11
candidate_control_baselines,2023-08-21,24,0,16,13
candidate_control_baselines,2023-08-22,24,0,16,13
candidate_control_baselines,2023-08-24,24,0,14,12
candidate_control_baselines,2023-09-04,72,0,44,35
candidate_control_baselines,2023-09-05,72,0,44,35
candidate_control_baselines,2023-09-07,72,0,56,34
candidate_control_baselines,2023-09-08,36,0,25,15
candidate_control_baselines,2023-09-09,36,0,36,15
candidate_control_baselines,2023-09-11,36,0,42,15
candidate_control_baselines,2023-10-09,81,0,52,37
candidate_control_baselines,2023-10-10,81,0,52,37
candidate_control_baselines,2023-10-12,81,0,53,36
candidate_control_baselines,2023-11-27,12,0,7,6
candidate_control_baselines,2023-11-28,12,0,7,6
candidate_control_baselines,2023-11-30,12,0,7,6
candidate_control_baselines,2024-02-19,12,0,13,4
candidate_control_baselines,2024-02-20,12,0,9,4
candidate_control_baselines,2024-02-22,12,0,9,4
candidate_control_baselines,2024-02-26,36,0,5,36
candidate_control_baselines,2024-02-27,36,0,2,35
candidate_control_baselines,2024-02-29,36,0,10,35
candidate_control_baselines,2024-03-03,24,0,16,23
candidate_control_baselines,2024-03-04,24,0,8,23
candidate_control_baselines,2024-03-06,24,0,9,22
candidate_control_baselines,2024-03-10,60,0,18,50
candidate_control_baselines,2024-03-11,60,0,16,50
candidate_control_baselines,2024-03-13,60,0,26,50
candidate_control_baselines,2024-03-14,46,0,29,25
candidate_control_baselines,2024-03-15,46,0,29,25
candidate_control_baselines,2024-03-17,46,0,44,25
candidate_control_baselines,2024-03-18,12,0,8,5
candidate_control_baselines,2024-03-19,12,0,19,5
candidate_control_baselines,2024-03-20,33,0,29,12
candidate_control_baselines,2024-03-21,45,0,50,17
candidate_control_baselines,2024-03-23,33,0,25,12
candidate_control_baselines,2024-03-29,12,0,2,12
candidate_control_baselines,2024-03-30,12,0,1,12
candidate_control_baselines,2024-04-01,12,0,14,12
candidate_control_baselines,2024-04-02,84,0,40,57
candidate_control_baselines,2024-04-03,84,0,40,57
candidate_control_baselines,2024-04-05,84,0,39,57
candidate_control_baselines,2024-04-12,48,0,10,42
candidate_control_baselines,2024-04-13,48,0,23,42
candidate_control_baselines,2024-04-15,84,0,27,64
candidate_control_baselines,2024-04-16,36,0,27,22
candidate_control_baselines,2024-04-18,36,0,18,22
candidate_control_baselines,2024-04-21,12,0,0,12
candidate_control_baselines,2024-04-22,12,0,10,12
candidate_control_baselines,2024-04-24,12,0,0,12
candidate_control_baselines,2024-05-13,12,0,11,2
candidate_control_baselines,2024-05-14,12,0,11,2
candidate_control_baselines,2024-05-16,12,0,11,2
candidate_control_baselines,2024-05-19,36,0,13,26
candidate_control_baselines,2024-05-20,36,0,17,26
candidate_control_baselines,2024-05-22,36,0,13,26
candidate_control_baselines,2024-06-03,12,0,10,2
candidate_control_baselines,2024-06-04,12,0,10,2
candidate_control_baselines,2024-06-06,12,0,10,2
candidate_control_baselines,2024-06-24,12,0,7,7
candidate_control_baselines,2024-06-25,24,0,11,16
candidate_control_baselines,2024-06-26,24,0,7,19
candidate_control_baselines,2024-06-27,24,0,9,17
candidate_control_baselines,2024-06-28,12,0,4,9
candidate_control_baselines,2024-06-29,12,0,3,10
candidate_control_baselines,2024-07-01,12,0,4,12
candidate_control_baselines,2024-07-02,12,0,5,12
candidate_control_baselines,2024-07-04,12,0,1,12
candidate_control_baselines,2024-08-04,12,0,2,11
candidate_control_baselines,2024-08-05,12,0,3,11
candidate_control_baselines,2024-08-07,12,0,2,11
candidate_control_baselines,2024-08-14,12,0,5,8
candidate_control_baselines,2024-08-15,12,0,5,8
candidate_control_baselines,2024-08-17,12,0,5,8
candidate_control_baselines,2024-09-04,24,0,5,21
candidate_control_baselines,2024-09-05,24,0,5,21
candidate_control_baselines,2024-09-07,48,0,13,38
candidate_control_baselines,2024-09-08,24,0,10,17
candidate_control_baselines,2024-09-09,17,0,19,3
candidate_control_baselines,2024-09-10,65,0,41,32
candidate_control_baselines,2024-09-11,36,0,21,23
candidate_control_baselines,2024-09-12,29,0,17,15
candidate_control_baselines,2024-09-13,24,0,20,11
candidate_control_baselines,2024-09-14,12,0,5,12
candidate_control_baselines,2024-09-16,36,0,16,35
candidate_control_baselines,2024-09-17,61,0,17,60
candidate_control_baselines,2024-09-18,36,0,6,36
candidate_control_baselines,2024-09-19,36,0,4,35
candidate_control_baselines,2024-09-20,48,0,8,44
candidate_control_baselines,2024-09-21,12,0,7,8
candidate_control_baselines,2024-09-23,12,0,12,8
candidate_control_baselines,2024-09-24,12,0,6,12
candidate_control_baselines,2024-09-25,12,0,3,12
candidate_control_baselines,2024-09-26,24,0,7,17
candidate_control_baselines,2024-09-27,48,0,23,35
candidate_control_baselines,2024-09-28,12,0,7,6
candidate_control_baselines,2024-09-29,24,0,12,17
candidate_control_baselines,2024-09-30,12,0,11,6
candidate_control_baselines,2024-10-01,12,0,9,8
candidate_control_baselines,2024-10-02,12,0,6,8
candidate_control_baselines,2024-10-04,12,0,16,8
candidate_control_baselines,2024-10-06,12,0,3,12
candidate_control_baselines,2024-10-07,12,0,5,12
candidate_control_baselines,2024-10-09,36,0,18,31
candidate_control_baselines,2024-10-10,48,0,25,42
candidate_control_baselines,2024-10-11,50,0,9,47
candidate_control_baselines,2024-10-12,56,0,15,49
candidate_control_baselines,2024-10-13,48,0,7,47
candidate_control_baselines,2024-10-14,60,0,8,58
candidate_control_baselines,2024-10-15,12,0,6,9
candidate_control_baselines,2024-10-16,48,0,24,43
candidate_control_baselines,2024-10-17,48,0,18,41
candidate_control_baselines,2024-10-18,60,0,20,50
candidate_control_baselines,2024-10-19,12,0,6,10
candidate_control_baselines,2024-10-20,72,0,26,59
candidate_control_baselines,2024-10-21,24,0,8,18
candidate_control_baselines,2024-10-23,24,0,16,18
candidate_control_baselines,2024-10-24,12,0,15,10
candidate_control_baselines,2024-10-25,12,0,6,10
candidate_control_baselines,2024-10-27,12,0,14,10
candidate_control_baselines,2024-10-30,72,0,18,61
candidate_control_baselines,2024-10-31,72,0,30,61
candidate_control_baselines,2024-11-01,12,0,4,10
candidate_control_baselines,2024-11-02,84,0,23,71
candidate_control_baselines,2024-11-03,12,0,6,10
candidate_control_baselines,2024-11-04,24,0,6,22
candidate_control_baselines,2024-11-05,36,0,6,33
candidate_control_baselines,2024-11-06,12,0,17,11
candidate_control_baselines,2024-11-07,24,0,5,22
candidate_control_baselines,2024-11-08,24,0,11,22
candidate_control_baselines,2024-11-09,24,0,9,22
candidate_control_baselines,2024-11-10,48,0,16,45
candidate_control_baselines,2024-11-11,75,0,8,74
candidate_control_baselines,2024-11-12,192,0,42,182
candidate_control_baselines,2024-11-13,189,0,97,174
candidate_control_baselines,2024-11-14,202,0,74,190
candidate_control_baselines,2024-11-15,298,0,169,235
candidate_control_baselines,2024-11-16,260,0,140,195
candidate_control_baselines,2024-11-17,161,0,77,153
candidate_control_baselines,2024-11-18,309,0,128,232
candidate_control_baselines,2024-11-19,237,0,160,206
candidate_control_baselines,2024-11-20,154,0,90,127
candidate_control_baselines,2024-11-21,203,0,146,161
candidate_control_baselines,2024-11-22,72,0,68,67
candidate_control_baselines,2024-11-23,107,0,82,86
candidate_control_baselines,2024-11-25,12,0,62,12
candidate_control_baselines,2024-11-26,12,0,78,12
candidate_control_baselines,2024-11-27,36,0,71,33
candidate_control_baselines,2024-11-28,36,0,51,33
candidate_control_baselines,2024-11-30,114,0,59,110
candidate_control_baselines,2024-12-01,108,0,0,108
candidate_control_baselines,2024-12-02,113,0,59,100
candidate_control_baselines,2024-12-03,194,0,107,166
candidate_control_baselines,2024-12-04,124,0,107,88
candidate_control_baselines,2024-12-05,206,0,88,157
candidate_control_baselines,2024-12-06,217,0,76,165
candidate_control_baselines,2024-12-07,148,0,93,127
candidate_control_baselines,2024-12-08,143,0,71,107
candidate_control_baselines,2024-12-09,203,0,84,183
candidate_control_baselines,2024-12-10,180,0,87,155
candidate_control_baselines,2024-12-11,177,0,126,151
candidate_control_baselines,2024-12-12,236,0,200,198
candidate_control_baselines,2024-12-13,238,0,197,183
candidate_control_baselines,2024-12-14,184,0,165,137
candidate_control_baselines,2024-12-15,171,0,137,144
candidate_control_baselines,2024-12-16,209,0,130,175
candidate_control_baselines,2024-12-17,181,0,129,155
candidate_control_baselines,2024-12-18,130,0,107,116
candidate_control_baselines,2024-12-19,224,0,231,172
candidate_control_baselines,2024-12-20,216,0,232,124
candidate_control_baselines,2024-12-21,165,0,115,109
candidate_control_baselines,2024-12-22,118,0,71,72
candidate_control_baselines,2024-12-23,145,0,128,99
candidate_control_baselines,2024-12-24,130,0,97,101
candidate_control_baselines,2024-12-25,92,0,91,70
candidate_control_baselines,2024-12-26,82,0,102,73
candidate_control_baselines,2024-12-27,145,0,119,104
candidate_control_baselines,2024-12-28,83,0,45,62
candidate_control_baselines,2024-12-29,74,0,23,62
candidate_control_baselines,2024-12-30,90,0,109,66
candidate_control_baselines,2024-12-31,103,0,72,88
candidate_control_baselines,2025-01-01,74,0,109,61
candidate_control_baselines,2025-01-02,83,0,77,69
candidate_control_baselines,2025-01-03,125,0,91,108
candidate_control_baselines,2025-01-04,69,0,75,58
candidate_control_baselines,2025-01-05,76,0,72,55
candidate_control_baselines,2025-01-06,173,0,80,144
candidate_control_baselines,2025-01-07,323,0,191,219
candidate_control_baselines,2025-01-08,396,0,237,246
candidate_control_baselines,2025-01-09,392,0,228,272
candidate_control_baselines,2025-01-10,350,0,229,251
candidate_control_baselines,2025-01-11,328,0,257,216
candidate_control_baselines,2025-01-12,188,0,129,153
candidate_control_baselines,2025-01-13,225,0,156,154
candidate_control_baselines,2025-01-14,325,0,232,227
candidate_control_baselines,2025-01-15,368,0,315,264
candidate_control_baselines,2025-01-16,371,0,304,226
candidate_control_baselines,2025-01-17,310,0,283,234
candidate_control_baselines,2025-01-18,266,0,170,178
candidate_control_baselines,2025-01-19,196,0,113,155
candidate_control_baselines,2025-01-20,120,0,93,115
candidate_control_baselines,2025-01-21,288,0,194,252
candidate_control_baselines,2025-01-22,382,0,238,312
candidate_control_baselines,2025-01-23,387,0,257,294
candidate_control_baselines,2025-01-24,377,0,206,270
candidate_control_baselines,2025-01-25,345,0,154,278
candidate_control_baselines,2025-01-26,189,0,132,97
candidate_control_baselines,2025-01-27,237,0,112,192
candidate_control_baselines,2025-01-28,340,0,276,251
candidate_control_baselines,2025-01-29,381,0,268,284
candidate_control_baselines,2025-01-30,353,0,228,277
candidate_control_baselines,2025-01-31,317,0,184,255
candidate_control_baselines,2025-02-01,249,0,133,179
candidate_control_baselines,2025-02-02,133,0,56,133
candidate_control_baselines,2025-02-03,160,0,97,124
candidate_control_baselines,2025-02-04,211,0,170,174
candidate_control_baselines,2025-02-05,258,0,184,219
candidate_control_baselines,2025-02-06,377,0,270,264
candidate_control_baselines,2025-02-07,310,0,242,236
candidate_control_baselines,2025-02-08,270,0,151,219
candidate_control_baselines,2025-02-09,178,0,132,118
candidate_control_baselines,2025-02-10,224,0,124,185
candidate_control_baselines,2025-02-11,350,0,182,268
candidate_control_baselines,2025-02-12,364,0,259,268
candidate_control_baselines,2025-02-13,299,0,295,234
candidate_control_baselines,2025-02-14,402,0,274,307
candidate_control_baselines,2025-02-15,260,0,180,200
candidate_control_baselines,2025-02-16,156,0,63,143
candidate_control_baselines,2025-02-17,181,0,126,148
candidate_control_baselines,2025-02-18,222,0,170,190
candidate_control_baselines,2025-02-19,274,0,200,198
candidate_control_baselines,2025-02-20,283,0,252,172
candidate_control_baselines,2025-02-21,299,0,247,214
candidate_control_baselines,2025-02-22,212,0,173,145
candidate_control_baselines,2025-02-23,204,0,134,137
candidate_control_baselines,2025-02-24,246,0,103,204
candidate_control_baselines,2025-02-25,276,0,162,234
candidate_control_baselines,2025-02-26,166,0,142,143
candidate_control_baselines,2025-02-27,251,0,200,210
candidate_control_baselines,2025-02-28,212,0,193,156
candidate_control_baselines,2025-03-01,206,0,121,156
candidate_control_baselines,2025-03-02,142,0,55,125
candidate_control_baselines,2025-03-03,252,0,160,176
candidate_control_baselines,2025-03-04,373,0,220,266
candidate_control_baselines,2025-03-05,306,0,196,224
candidate_control_baselines,2025-03-06,251,0,198,179
candidate_control_baselines,2025-03-07,297,0,242,202
candidate_control_baselines,2025-03-08,146,0,171,101
candidate_control_baselines,2025-03-09,102,0,81,65
candidate_control_baselines,2025-03-10,198,0,140,153
candidate_control_baselines,2025-03-11,316,0,213,245
candidate_control_baselines,2025-03-12,283,0,270,205
candidate_control_baselines,2025-03-13,243,0,211,178
candidate_control_baselines,2025-03-14,291,0,250,216
candidate_control_baselines,2025-03-15,202,0,151,155
candidate_control_baselines,2025-03-16,121,0,78,103
candidate_control_baselines,2025-03-17,201,0,175,133
candidate_control_baselines,2025-03-18,312,0,332,187
candidate_control_baselines,2025-03-19,252,0,227,142
candidate_control_baselines,2025-03-20,271,0,237,174
candidate_control_baselines,2025-03-21,309,0,293,170
candidate_control_baselines,2025-03-22,210,0,182,134
candidate_control_baselines,2025-03-23,178,0,165,101
candidate_control_baselines,2025-03-24,183,0,150,131
candidate_control_baselines,2025-03-25,251,0,249,174
candidate_control_baselines,2025-03-26,221,0,216,151
candidate_control_baselines,2025-03-27,261,0,258,177
candidate_control_baselines,2025-03-28,254,0,283,157
candidate_control_baselines,2025-03-29,215,0,173,142
candidate_control_baselines,2025-03-30,189,0,173,125
candidate_control_baselines,2025-03-31,181,0,190,119
candidate_control_baselines,2025-04-01,244,0,199,193
candidate_control_baselines,2025-04-02,229,0,295,155
candidate_control_baselines,2025-04-03,230,0,336,136
candidate_control_baselines,2025-04-04,259,0,351,169
candidate_control_baselines,2025-04-05,184,0,185,101
candidate_control_baselines,2025-04-06,201,0,170,101
candidate_control_baselines,2025-04-07,210,0,233,125
candidate_control_baselines,2025-04-08,254,0,312,149
candidate_control_baselines,2025-04-09,286,0,368,138
candidate_control_baselines,2025-04-10,301,0,496,146
candidate_control_baselines,2025-04-11,339,0,455,170
candidate_control_baselines,2025-04-12,314,0,341,156
candidate_control_baselines,2025-04-13,243,0,232,131
candidate_control_baselines,2025-04-14,277,0,372,122
candidate_control_baselines,2025-04-15,263,0,378,135
candidate_control_baselines,2025-04-16,258,0,404,133
candidate_control_baselines,2025-04-17,269,0,465,136
candidate_control_baselines,2025-04-18,253,0,467,143
candidate_control_baselines,2025-04-19,206,0,263,126
candidate_control_baselines,2025-04-20,179,0,220,124
candidate_control_baselines,2025-04-21,162,0,209,119
candidate_control_baselines,2025-04-22,159,0,238,125
candidate_control_baselines,2025-04-23,130,0,288,102
candidate_control_baselines,2025-04-24,123,0,327,95
candidate_control_baselines,2025-04-25,128,0,327,98
candidate_control_baselines,2025-04-26,93,0,189,75
candidate_control_baselines,2025-04-27,79,0,123,64
candidate_control_baselines,2025-04-28,83,0,146,69
candidate_control_baselines,2025-04-29,57,0,173,51
candidate_control_baselines,2025-04-30,53,0,213,45
candidate_control_baselines,2025-05-01,48,0,294,46
candidate_control_baselines,2025-05-02,32,0,248,31
candidate_control_baselines,2025-05-03,14,0,179,14
candidate_control_baselines,2025-05-04,6,0,106,6
matched_pair_outcomes,2021-11-23,3,0,11,0
matched_pair_outcomes,2021-11-24,3,0,11,0
matched_pair_outcomes,2021-11-26,3,0,11,0
matched_pair_outcomes,2021-11-30,3,0,4,0
matched_pair_outcomes,2021-12-14,2,0,6,1
matched_pair_outcomes,2021-12-15,2,0,7,0
matched_pair_outcomes,2021-12-17,2,0,7,0
matched_pair_outcomes,2021-12-18,3,0,11,1
matched_pair_outcomes,2021-12-19,3,0,12,1
matched_pair_outcomes,2021-12-20,2,0,5,0
matched_pair_outcomes,2021-12-21,7,0,20,0
matched_pair_outcomes,2021-12-23,5,0,9,0
matched_pair_outcomes,2021-12-25,3,0,4,0
matched_pair_outcomes,2021-12-27,2,0,4,0
matched_pair_outcomes,2022-01-13,2,0,24,0
matched_pair_outcomes,2022-01-17,3,0,6,0
matched_pair_outcomes,2022-01-19,2,0,4,0
matched_pair_outcomes,2022-11-01,2,0,6,1
matched_pair_outcomes,2022-11-02,2,0,8,0
matched_pair_outcomes,2022-11-04,2,0,8,0
matched_pair_outcomes,2022-11-08,2,0,5,0
matched_pair_outcomes,2022-12-01,2,0,5,0
matched_pair_outcomes,2023-01-16,10,0,36,0
matched_pair_outcomes,2023-01-17,10,0,36,0
matched_pair_outcomes,2023-01-19,10,0,36,0
matched_pair_outcomes,2023-01-23,10,0,19,0
matched_pair_outcomes,2023-02-15,10,0,19,0
matched_pair_outcomes,2023-03-03,4,0,13,0
matched_pair_outcomes,2023-03-04,4,0,13,0
matched_pair_outcomes,2023-03-06,4,0,13,0
matched_pair_outcomes,2023-03-10,4,0,4,0
matched_pair_outcomes,2023-04-02,4,0,4,0
matched_pair_outcomes,2023-05-05,10,0,51,0
matched_pair_outcomes,2023-05-06,10,0,45,0
matched_pair_outcomes,2023-05-08,10,0,44,0
matched_pair_outcomes,2023-05-10,10,0,27,0
matched_pair_outcomes,2023-05-11,10,0,27,0
matched_pair_outcomes,2023-05-12,10,0,18,0
matched_pair_outcomes,2023-05-13,14,0,38,0
matched_pair_outcomes,2023-05-14,4,0,18,0
matched_pair_outcomes,2023-05-16,4,0,0,4
matched_pair_outcomes,2023-05-17,10,0,25,0
matched_pair_outcomes,2023-05-20,4,0,7,0
matched_pair_outcomes,2023-05-23,15,0,39,2
matched_pair_outcomes,2023-05-24,15,0,50,2
matched_pair_outcomes,2023-05-25,4,0,16,0
matched_pair_outcomes,2023-05-26,18,0,51,0
matched_pair_outcomes,2023-05-28,4,0,17,0
matched_pair_outcomes,2023-05-30,15,0,40,0
matched_pair_outcomes,2023-05-31,5,0,23,1
matched_pair_outcomes,2023-06-01,9,0,11,7
matched_pair_outcomes,2023-06-03,5,0,24,0
matched_pair_outcomes,2023-06-04,10,0,20,0
matched_pair_outcomes,2023-06-07,5,0,18,0
matched_pair_outcomes,2023-06-09,16,0,31,0
matched_pair_outcomes,2023-06-10,6,0,11,0
matched_pair_outcomes,2023-06-12,10,0,22,0
matched_pair_outcomes,2023-06-13,4,0,13,0
matched_pair_outcomes,2023-06-14,4,0,14,0
matched_pair_outcomes,2023-06-16,9,0,14,0
matched_pair_outcomes,2023-06-19,5,0,29,0
matched_pair_outcomes,2023-06-20,11,0,13,8
matched_pair_outcomes,2023-06-21,2,0,0,2
matched_pair_outcomes,2023-06-22,23,0,18,18
matched_pair_outcomes,2023-06-23,10,0,39,0
matched_pair_outcomes,2023-06-24,8,0,23,0
matched_pair_outcomes,2023-06-25,4,0,18,0
matched_pair_outcomes,2023-06-26,15,0,34,0
matched_pair_outcomes,2023-06-27,8,0,1,8
matched_pair_outcomes,2023-06-29,10,0,16,0
matched_pair_outcomes,2023-06-30,9,0,24,0
matched_pair_outcomes,2023-07-03,16,0,36,0
matched_pair_outcomes,2023-07-04,10,0,33,0
matched_pair_outcomes,2023-07-06,10,0,38,0
matched_pair_outcomes,2023-07-07,6,0,21,0
matched_pair_outcomes,2023-07-08,6,0,14,0
matched_pair_outcomes,2023-07-09,6,0,13,0
matched_pair_outcomes,2023-07-10,16,0,31,0
matched_pair_outcomes,2023-07-11,4,0,12,0
matched_pair_outcomes,2023-07-12,4,0,18,0
matched_pair_outcomes,2023-07-13,4,0,17,0
matched_pair_outcomes,2023-07-14,7,0,23,0
matched_pair_outcomes,2023-07-15,10,0,26,0
matched_pair_outcomes,2023-07-16,10,0,22,0
matched_pair_outcomes,2023-07-18,14,0,33,0
matched_pair_outcomes,2023-07-19,5,0,32,0
matched_pair_outcomes,2023-07-20,6,0,37,0
matched_pair_outcomes,2023-07-21,4,0,20,0
matched_pair_outcomes,2023-07-22,14,0,31,0
matched_pair_outcomes,2023-07-23,8,0,18,0
matched_pair_outcomes,2023-07-26,6,0,21,0
matched_pair_outcomes,2023-07-27,4,0,12,0
matched_pair_outcomes,2023-07-28,7,0,25,0
matched_pair_outcomes,2023-07-29,7,0,25,0
matched_pair_outcomes,2023-07-31,7,0,24,0
matched_pair_outcomes,2023-08-02,10,0,18,2
matched_pair_outcomes,2023-08-04,17,0,11,14
matched_pair_outcomes,2023-08-05,11,0,28,0
matched_pair_outcomes,2023-08-06,6,0,7,0
matched_pair_outcomes,2023-08-07,11,0,0,11
matched_pair_outcomes,2023-08-08,6,0,0,6
matched_pair_outcomes,2023-08-09,6,0,16,0
matched_pair_outcomes,2023-08-10,8,0,20,1
matched_pair_outcomes,2023-08-11,20,0,53,0
matched_pair_outcomes,2023-08-13,4,0,15,0
matched_pair_outcomes,2023-08-14,10,0,14,0
matched_pair_outcomes,2023-08-15,6,0,1,6
matched_pair_outcomes,2023-08-17,4,0,6,0
matched_pair_outcomes,2023-08-19,4,0,8,0
matched_pair_outcomes,2023-08-27,7,0,15,0
matched_pair_outcomes,2023-09-03,11,0,26,0
matched_pair_outcomes,2023-09-04,15,0,44,0
matched_pair_outcomes,2023-09-05,15,0,44,0
matched_pair_outcomes,2023-09-07,18,0,56,0
matched_pair_outcomes,2023-09-08,12,0,25,0
matched_pair_outcomes,2023-09-09,16,0,36,0
matched_pair_outcomes,2023-09-11,24,0,42,0
matched_pair_outcomes,2023-09-15,12,0,3,9
matched_pair_outcomes,2023-10-04,15,0,17,5
matched_pair_outcomes,2023-10-08,12,0,1,12
matched_pair_outcomes,2023-10-09,17,0,52,0
matched_pair_outcomes,2023-10-10,17,0,52,0
matched_pair_outcomes,2023-10-12,17,0,53,0
matched_pair_outcomes,2023-10-16,17,0,27,0
matched_pair_outcomes,2023-11-08,17,0,27,0
matched_pair_outcomes,2024-02-19,4,0,13,0
matched_pair_outcomes,2024-02-20,4,0,9,0
matched_pair_outcomes,2024-02-22,4,0,9,0
matched_pair_outcomes,2024-02-26,4,0,5,0
matched_pair_outcomes,2024-03-03,3,0,16,1
matched_pair_outcomes,2024-03-04,3,0,8,1
matched_pair_outcomes,2024-03-06,3,0,9,0
matched_pair_outcomes,2024-03-10,5,0,18,0
matched_pair_outcomes,2024-03-11,2,0,16,0
matched_pair_outcomes,2024-03-13,2,0,26,0
matched_pair_outcomes,2024-03-14,14,0,29,0
matched_pair_outcomes,2024-03-15,14,0,29,0
matched_pair_outcomes,2024-03-17,16,0,44,0
matched_pair_outcomes,2024-03-18,4,0,8,0
matched_pair_outcomes,2024-03-19,4,0,19,0
matched_pair_outcomes,2024-03-20,14,0,29,0
matched_pair_outcomes,2024-03-21,28,0,50,0
matched_pair_outcomes,2024-03-23,10,0,25,0
matched_pair_outcomes,2024-03-25,4,0,4,0
matched_pair_outcomes,2024-03-27,10,0,15,0
matched_pair_outcomes,2024-04-02,7,0,40,0
matched_pair_outcomes,2024-04-03,4,0,40,0
matched_pair_outcomes,2024-04-05,4,0,39,0
matched_pair_outcomes,2024-04-09,6,0,26,0
matched_pair_outcomes,2024-04-13,14,0,23,0
matched_pair_outcomes,2024-04-15,3,0,27,0
matched_pair_outcomes,2024-04-16,3,0,27,0
matched_pair_outcomes,2024-04-17,4,0,4,0
matched_pair_outcomes,2024-04-18,3,0,18,0
matched_pair_outcomes,2024-04-19,10,0,18,0
matched_pair_outcomes,2024-04-22,3,0,10,0
matched_pair_outcomes,2024-05-02,4,0,19,0
matched_pair_outcomes,2024-05-13,3,0,11,0
matched_pair_outcomes,2024-05-14,3,0,11,0
matched_pair_outcomes,2024-05-15,3,0,10,0
matched_pair_outcomes,2024-05-16,3,0,11,0
matched_pair_outcomes,2024-05-19,8,0,13,0
matched_pair_outcomes,2024-05-20,11,0,17,0
matched_pair_outcomes,2024-05-22,8,0,13,0
matched_pair_outcomes,2024-05-26,8,0,9,0
matched_pair_outcomes,2024-06-12,3,0,5,0
matched_pair_outcomes,2024-06-18,8,0,10,0
matched_pair_outcomes,2024-06-24,2,0,7,0
matched_pair_outcomes,2024-06-25,5,0,11,0
matched_pair_outcomes,2024-06-26,3,0,7,0
matched_pair_outcomes,2024-06-27,2,0,9,0
matched_pair_outcomes,2024-06-28,3,0,4,0
matched_pair_outcomes,2024-07-01,2,0,4,0
matched_pair_outcomes,2024-07-02,3,0,5,0
matched_pair_outcomes,2024-07-24,2,0,4,0
matched_pair_outcomes,2024-07-25,3,0,4,0
matched_pair_outcomes,2024-08-14,3,0,5,0
matched_pair_outcomes,2024-08-15,3,0,5,0
matched_pair_outcomes,2024-08-17,3,0,5,0
matched_pair_outcomes,2024-08-21,3,0,5,0
matched_pair_outcomes,2024-09-07,2,0,13,0
matched_pair_outcomes,2024-09-08,2,0,10,0
matched_pair_outcomes,2024-09-09,6,0,19,0
matched_pair_outcomes,2024-09-10,15,0,41,1
matched_pair_outcomes,2024-09-11,7,0,21,0
matched_pair_outcomes,2024-09-12,6,0,17,0
matched_pair_outcomes,2024-09-13,10,0,20,0
matched_pair_outcomes,2024-09-14,2,0,5,0
matched_pair_outcomes,2024-09-16,6,0,16,0
matched_pair_outcomes,2024-09-17,7,0,17,0
matched_pair_outcomes,2024-09-20,2,0,8,1
matched_pair_outcomes,2024-09-21,2,0,7,0
matched_pair_outcomes,2024-09-23,2,0,12,0
matched_pair_outcomes,2024-09-26,4,0,7,1
matched_pair_outcomes,2024-09-27,10,0,23,0
matched_pair_outcomes,2024-09-28,4,0,7,0
matched_pair_outcomes,2024-09-29,4,0,12,0
matched_pair_outcomes,2024-09-30,4,0,11,0
matched_pair_outcomes,2024-10-01,3,0,9,1
matched_pair_outcomes,2024-10-02,3,0,6,1
matched_pair_outcomes,2024-10-03,4,0,11,0
matched_pair_outcomes,2024-10-04,7,0,16,0
matched_pair_outcomes,2024-10-07,2,0,5,0
matched_pair_outcomes,2024-10-08,3,0,8,0
matched_pair_outcomes,2024-10-09,8,0,18,0
matched_pair_outcomes,2024-10-10,11,0,25,0
matched_pair_outcomes,2024-10-11,4,0,9,0
matched_pair_outcomes,2024-10-12,4,0,15,0
matched_pair_outcomes,2024-10-13,2,0,7,0
matched_pair_outcomes,2024-10-14,2,0,8,0
matched_pair_outcomes,2024-10-15,4,0,6,0
matched_pair_outcomes,2024-10-16,6,0,24,0
matched_pair_outcomes,2024-10-17,7,0,18,0
matched_pair_outcomes,2024-10-18,11,0,20,0
matched_pair_outcomes,2024-10-20,11,0,26,0
matched_pair_outcomes,2024-10-21,4,0,8,0
matched_pair_outcomes,2024-10-22,4,0,4,0
matched_pair_outcomes,2024-10-23,4,0,16,0
matched_pair_outcomes,2024-10-24,5,0,15,0
matched_pair_outcomes,2024-10-26,4,0,7,0
matched_pair_outcomes,2024-10-27,8,0,14,0
matched_pair_outcomes,2024-10-30,12,0,18,0
matched_pair_outcomes,2024-10-31,15,0,30,0
matched_pair_outcomes,2024-11-01,2,0,4,0
matched_pair_outcomes,2024-11-02,13,0,23,0
matched_pair_outcomes,2024-11-04,4,0,6,1
matched_pair_outcomes,2024-11-05,2,0,6,1
matched_pair_outcomes,2024-11-06,12,0,17,0
matched_pair_outcomes,2024-11-07,4,0,5,0
matched_pair_outcomes,2024-11-08,6,0,11,0
matched_pair_outcomes,2024-11-09,2,0,9,0
matched_pair_outcomes,2024-11-10,4,0,16,0
matched_pair_outcomes,2024-11-11,9,0,8,6
matched_pair_outcomes,2024-11-12,15,0,42,3
matched_pair_outcomes,2024-11-13,10,0,97,1
matched_pair_outcomes,2024-11-14,28,0,74,11
matched_pair_outcomes,2024-11-15,32,0,169,3
matched_pair_outcomes,2024-11-16,22,0,140,0
matched_pair_outcomes,2024-11-17,19,0,77,0
matched_pair_outcomes,2024-11-18,28,0,128,4
matched_pair_outcomes,2024-11-19,27,0,160,0
matched_pair_outcomes,2024-11-20,3,0,90,0
matched_pair_outcomes,2024-11-21,26,0,146,0
matched_pair_outcomes,2024-11-22,10,0,68,0
matched_pair_outcomes,2024-11-23,4,0,82,0
matched_pair_outcomes,2024-11-25,11,0,62,0
matched_pair_outcomes,2024-11-27,3,0,71,1
matched_pair_outcomes,2024-11-28,3,0,51,0
matched_pair_outcomes,2024-11-29,12,0,51,0
matched_pair_outcomes,2024-11-30,3,0,59,0
matched_pair_outcomes,2024-12-01,2,0,0,2
matched_pair_outcomes,2024-12-03,4,0,107,0
matched_pair_outcomes,2024-12-04,11,0,107,0
matched_pair_outcomes,2024-12-05,8,0,88,3
matched_pair_outcomes,2024-12-06,14,0,76,6
matched_pair_outcomes,2024-12-07,9,0,93,0
matched_pair_outcomes,2024-12-08,6,0,71,0
matched_pair_outcomes,2024-12-09,6,0,84,1
matched_pair_outcomes,2024-12-10,11,0,87,4
matched_pair_outcomes,2024-12-11,20,0,126,2
matched_pair_outcomes,2024-12-12,29,0,200,3
matched_pair_outcomes,2024-12-13,29,0,197,4
matched_pair_outcomes,2024-12-14,31,0,165,0
matched_pair_outcomes,2024-12-15,27,0,137,0
matched_pair_outcomes,2024-12-16,28,0,130,11
matched_pair_outcomes,2024-12-17,28,0,129,0
matched_pair_outcomes,2024-12-18,21,0,107,3
matched_pair_outcomes,2024-12-19,37,0,231,2
matched_pair_outcomes,2024-12-20,27,0,232,1
matched_pair_outcomes,2024-12-21,22,0,115,0
matched_pair_outcomes,2024-12-22,6,0,71,0
matched_pair_outcomes,2024-12-23,32,0,128,1
matched_pair_outcomes,2024-12-24,6,0,97,0
matched_pair_outcomes,2024-12-25,8,0,91,1
matched_pair_outcomes,2024-12-26,9,0,102,0
matched_pair_outcomes,2024-12-27,23,0,119,2
matched_pair_outcomes,2024-12-28,9,0,45,0
matched_pair_outcomes,2024-12-29,2,0,23,0
matched_pair_outcomes,2024-12-30,12,0,109,3
matched_pair_outcomes,2024-12-31,15,0,72,6
matched_pair_outcomes,2025-01-01,10,0,109,0
matched_pair_outcomes,2025-01-02,13,0,77,1
matched_pair_outcomes,2025-01-03,17,0,91,0
matched_pair_outcomes,2025-01-04,11,0,75,1
matched_pair_outcomes,2025-01-05,14,0,72,0
matched_pair_outcomes,2025-01-06,23,0,80,0
matched_pair_outcomes,2025-01-07,50,0,191,5
matched_pair_outcomes,2025-01-08,44,0,237,7
matched_pair_outcomes,2025-01-09,56,0,228,2
matched_pair_outcomes,2025-01-10,44,0,229,1
matched_pair_outcomes,2025-01-11,43,0,257,0
matched_pair_outcomes,2025-01-12,25,0,129,0
matched_pair_outcomes,2025-01-13,47,0,156,2
matched_pair_outcomes,2025-01-14,63,0,232,6
matched_pair_outcomes,2025-01-15,86,0,315,9
matched_pair_outcomes,2025-01-16,82,0,304,0
matched_pair_outcomes,2025-01-17,33,0,283,0
matched_pair_outcomes,2025-01-18,45,0,170,0
matched_pair_outcomes,2025-01-19,29,0,113,0
matched_pair_outcomes,2025-01-20,24,0,93,0
matched_pair_outcomes,2025-01-21,19,0,194,5
matched_pair_outcomes,2025-01-22,73,0,238,10
matched_pair_outcomes,2025-01-23,69,0,257,2
matched_pair_outcomes,2025-01-24,40,0,206,1
matched_pair_outcomes,2025-01-25,32,0,154,0
matched_pair_outcomes,2025-01-26,36,0,132,0
matched_pair_outcomes,2025-01-27,8,0,112,1
matched_pair_outcomes,2025-01-28,35,0,276,1
matched_pair_outcomes,2025-01-29,70,0,268,3
matched_pair_outcomes,2025-01-30,63,0,228,0
matched_pair_outcomes,2025-01-31,20,0,184,0
matched_pair_outcomes,2025-02-01,38,0,133,0
matched_pair_outcomes,2025-02-03,19,0,97,1
matched_pair_outcomes,2025-02-04,25,0,170,1
matched_pair_outcomes,2025-02-05,55,0,184,5
matched_pair_outcomes,2025-02-06,70,0,270,4
matched_pair_outcomes,2025-02-07,57,0,242,0
matched_pair_outcomes,2025-02-08,36,0,151,0
matched_pair_outcomes,2025-02-09,26,0,132,0
matched_pair_outcomes,2025-02-10,26,0,124,2
matched_pair_outcomes,2025-02-11,43,0,182,13
matched_pair_outcomes,2025-02-12,89,0,259,3
matched_pair_outcomes,2025-02-13,60,0,295,0
matched_pair_outcomes,2025-02-14,82,0,274,1
matched_pair_outcomes,2025-02-15,43,0,180,0
matched_pair_outcomes,2025-02-16,5,0,63,0
matched_pair_outcomes,2025-02-17,24,0,126,0
matched_pair_outcomes,2025-02-18,51,0,170,5
matched_pair_outcomes,2025-02-19,58,0,200,5
matched_pair_outcomes,2025-02-20,53,0,252,2
matched_pair_outcomes,2025-02-21,74,0,247,1
matched_pair_outcomes,2025-02-22,60,0,173,0
matched_pair_outcomes,2025-02-23,20,0,134,0
matched_pair_outcomes,2025-02-24,25,0,103,3
matched_pair_outcomes,2025-02-25,34,0,162,5
matched_pair_outcomes,2025-02-26,38,0,142,3
matched_pair_outcomes,2025-02-27,54,0,200,2
matched_pair_outcomes,2025-02-28,68,0,193,4
matched_pair_outcomes,2025-03-01,36,0,121,3
matched_pair_outcomes,2025-03-02,17,0,55,0
matched_pair_outcomes,2025-03-03,48,0,160,1
matched_pair_outcomes,2025-03-04,51,0,220,4
matched_pair_outcomes,2025-03-05,56,0,196,7
matched_pair_outcomes,2025-03-06,42,0,198,2
matched_pair_outcomes,2025-03-07,89,0,242,4
matched_pair_outcomes,2025-03-08,61,0,171,4
matched_pair_outcomes,2025-03-09,31,0,81,0
matched_pair_outcomes,2025-03-10,35,0,140,3
matched_pair_outcomes,2025-03-11,68,0,213,8
matched_pair_outcomes,2025-03-12,53,0,270,1
matched_pair_outcomes,2025-03-13,69,0,211,0
matched_pair_outcomes,2025-03-14,71,0,250,6
matched_pair_outcomes,2025-03-15,29,0,151,0
matched_pair_outcomes,2025-03-16,23,0,78,0
matched_pair_outcomes,2025-03-17,30,0,175,2
matched_pair_outcomes,2025-03-18,75,0,332,3
matched_pair_outcomes,2025-03-19,56,0,227,0
matched_pair_outcomes,2025-03-20,71,0,237,0
matched_pair_outcomes,2025-03-21,117,0,293,0
matched_pair_outcomes,2025-03-22,38,0,182,0
matched_pair_outcomes,2025-03-23,39,0,165,0
matched_pair_outcomes,2025-03-24,22,0,150,1
matched_pair_outcomes,2025-03-25,74,0,249,2
matched_pair_outcomes,2025-03-26,57,0,216,1
matched_pair_outcomes,2025-03-27,63,0,258,0
matched_pair_outcomes,2025-03-28,60,0,283,2
matched_pair_outcomes,2025-03-29,37,0,173,0
matched_pair_outcomes,2025-03-30,45,0,173,0
matched_pair_outcomes,2025-03-31,37,0,190,0
matched_pair_outcomes,2025-04-01,42,0,199,0
matched_pair_outcomes,2025-04-02,53,0,295,1
matched_pair_outcomes,2025-04-03,64,0,336,0
matched_pair_outcomes,2025-04-04,74,0,351,0
matched_pair_outcomes,2025-04-05,64,0,185,0
matched_pair_outcomes,2025-04-06,53,0,170,0
matched_pair_outcomes,2025-04-07,52,0,233,1
matched_pair_outcomes,2025-04-08,85,0,312,5
matched_pair_outcomes,2025-04-09,108,0,368,0
matched_pair_outcomes,2025-04-10,136,0,496,0
matched_pair_outcomes,2025-04-11,183,0,455,0
matched_pair_outcomes,2025-04-12,170,0,341,0
matched_pair_outcomes,2025-04-13,79,0,232,0
matched_pair_outcomes,2025-04-14,163,0,372,0
matched_pair_outcomes,2025-04-15,120,0,378,0
matched_pair_outcomes,2025-04-16,137,0,404,0
matched_pair_outcomes,2025-04-17,225,0,465,1
matched_pair_outcomes,2025-04-18,220,0,467,0
matched_pair_outcomes,2025-04-19,109,0,263,0
matched_pair_outcomes,2025-04-20,93,0,220,0
matched_pair_outcomes,2025-04-21,76,0,209,3
matched_pair_outcomes,2025-04-22,61,0,238,1
matched_pair_outcomes,2025-04-23,94,0,288,2
matched_pair_outcomes,2025-04-24,128,0,327,0
matched_pair_outcomes,2025-04-25,66,0,327,0
matched_pair_outcomes,2025-04-26,48,0,189,0
matched_pair_outcomes,2025-04-27,39,0,123,0
matched_pair_outcomes,2025-04-28,28,0,146,0
matched_pair_outcomes,2025-04-29,24,0,173,0
matched_pair_outcomes,2025-04-30,23,0,213,0
matched_pair_outcomes,2025-05-01,30,0,294,0
matched_pair_outcomes,2025-05-02,27,0,248,0
matched_pair_outcomes,2025-05-03,19,0,179,0
matched_pair_outcomes,2025-05-04,22,0,106,0
matched_pair_outcomes,2025-05-05,19,0,106,0
matched_pair_outcomes,2025-05-06,8,0,151,0
matched_pair_outcomes,2025-05-07,20,0,142,0
matched_pair_outcomes,2025-05-08,41,0,223,0
matched_pair_outcomes,2025-05-09,46,0,257,0
matched_pair_outcomes,2025-05-10,42,0,222,0
matched_pair_outcomes,2025-05-11,100,0,215,0
matched_pair_outcomes,2025-05-12,13,0,144,0
matched_pair_outcomes,2025-05-13,9,0,128,0
matched_pair_outcomes,2025-05-14,48,0,207,0
matched_pair_outcomes,2025-05-15,32,0,190,0
matched_pair_outcomes,2025-05-16,56,0,343,0
matched_pair_outcomes,2025-05-17,78,0,304,0
matched_pair_outcomes,2025-05-18,19,0,158,0
matched_pair_outcomes,2025-05-19,5,0,161,0
matched_pair_outcomes,2025-05-21,10,0,125,0
matched_pair_outcomes,2025-05-22,20,0,144,0
matched_pair_outcomes,2025-05-23,18,0,224,0
matched_pair_outcomes,2025-05-24,14,0,170,0
matched_pair_outcomes,2025-05-25,11,0,113,0
matched_pair_outcomes,2025-05-26,5,0,106,0
matched_pair_outcomes,2025-05-27,5,0,132,0
